SKU,Name,Q1300104-53-01,DEFENDER SERIES 300104-53-01 Compact Saddle Box  62 x 19.7 x 18.2 Black,73300105-53-01,DEFENDER SERIES 300105-53-01 Full Size Saddle Box  71 x 19.7 x 17.7 Black,67300106-53-01,DEFENDER SERIES 300106-53-01 Full Size Lo-Profile Box  71 x 19.7 x 16.2 Black,64127-0-02,"Model 127-0-02 Saddle Box, Aluminum, Full Standard, 11.3 cu ft",51T7414,T7414  14 ft Type IA Fiberglass Twin Ladder,46SRS-72,SRS-72 6 ft Steel Rolling Scaffold,40SRG-72,SRG-72  Guard Rail and Toeboard Kit,39PA210,PA210 10 ft-17 ft Aluminum Extension Plank,34300105-9-01,DEFENDER SERIES 300105-9-01 Full Size Saddle Box  71 x 19.7 x 17.7 Uncoated,30T7420,T7420  20 ft Type IA Fiberglass Twin Ladder,26T7416,T7416  16 ft Type IA Fiberglass Twin Ladder,264830,"Model 4830 JOBMASTER® Chest, 25.25 cu ft",26D6228-2,D6228-2 28 ft Type IA Fiberglass D-Rung Extension Ladder,25300106-9-01,DEFENDER SERIES 300106-9-01 Full Size Lo-Profile Box  71 x 19.7 x 16.2 Uncoated,256212,6212  12 ft Type IA Fiberglass Step Ladder,24300401-53-01,DEFENDER SERIES 300401-53-01 Universal Chest Box  50 x 19.6 x 19.3 Black,23300401-9-01,DEFENDER SERIES 300401-9-01 Universal Chest Box  50 x 19.6 x 19.3 Uncoated,22PJ-100,PJ-100 Aluminum Pump Jack,21PD7304,PD7304 Type IAA Fiberglass Podium Ladder,216210,6210  10 ft Type IA Fiberglass Step Ladder,20T7418,T7418  18 ft Type IA Fiberglass Twin Ladder,19560-3,560-3 60 ft Type I Aluminum Round Rung Extension Ladder,19PD6206,PD6206 Type IA Fiberglass Podium Ladder,18310,310  10 ft Type IA Aluminum Step Ladder,18300207-53-01,DEFENDER SERIES 300207-53-01 Full Size Cross Box  71 x 19.7 x 17.8 Black,18PJ-24P,PJ-24P Aluminum Pump Jack 24 ft Pole,17PD6210,PD6210 Type IA Fiberglass Podium Ladder,17D6224-2,D6224-2 24 ft Type IA Fiberglass D-Rung Extension Ladder,176207,6207  7 ft Type IA Fiberglass Step Ladder,166206,6206  6 ft Type IA Fiberglass Step Ladder,16SRO-72-4,SRO-72-4 Outriggers,13PD6204,PD6204 Type IA Fiberglass Podium Ladder,136208,6208  8 ft Type IA Fiberglass Step Ladder,12SRC-72-4,SRC-72-4 Casters,11PD6208,PD6208 Type IA Fiberglass Podium Ladder,11300104-9-01,DEFENDER SERIES 300104-9-01 Compact Saddle Box  62 x 19.7 x 18.2 Uncoated,11300300-9-01,DEFENDER SERIES 300300-9-01 Standard Lo-Side Box  60 x 16.7 x 12.9 Uncoated,11PD6203,PD6203 Type IA Fiberglass Podium Ladder,10PA206,PA206 6 ft-9 ft Aluminum Extension Plank,10300302-53-01,DEFENDER SERIES 300302-53-01 Standard Hi-Side Box  60 x 13.3 x 16.1 Black,10PD7306,PD7306 Type IAA Fiberglass Podium Ladder,9T6206,T6206  6 ft Type IA Fiberglass Twin Ladder,8T6203,T6203  3 ft Type IA Fiberglass Twin Ladder,8SSF02,SSF02  2 ft Type IAA Fiberglass Step Stand,8PS-48,PS-48 4 ft Portable Scaffold,8PD7303,PD7303 Type IAA Fiberglass Podium Ladder,8OBEL04,OBEL04  4 ft Type IAA Fiberglass Electricians JobStation,8PA208,PA208 8 ft -13 ft Aluminum Extension Plank,889,"Model 89 STORAGEMASTER® Piano Box, 47.8 cu ft",8300303-9-01,DEFENDER SERIES 300303-9-01 Long Hi-Side Box  90 x 13.3 x 16.1 Uncoated,8300303-53-01,DEFENDER SERIES 300303-53-01 Long Hi-Side Box  90 x 13.3 x 16.1 Black,8D7132-2,D7132-2 32 ft Type IAA Fiberglass D-Rung Extension Ladder,7D6240-2,D6240-2 40 ft Type IA Fiberglass D-Rung Extension Ladder,77306,7306  6 ft Type IAA Fiberglass Step Ladder,76203,6203  3 ft Type IA Fiberglass Step Ladder,7378,378  8 ft Type IA Aluminum Step Ladder,72416,2416 14 in W x 16 ft L Stage,7300207-9-01,DEFENDER SERIES 300207-9-01 Full Size Cross Box  71 x 19.7 x 17.8 Uncoated,7300304-9-01,DEFENDER SERIES 300304-9-01 Short Lo-Side Box  47 x 16.7 x 12.9 Uncoated,7300300-53-01,DEFENDER SERIES 300300-53-01 Standard Lo-Side Box  60 x 16.7 x 12.9 Black,7300302-9-01,DEFENDER SERIES 300302-9-01 Standard Hi-Side Box  60 x 13.3 x 16.1 Uncoated,7PD7308,PD7308 Type IAA Fiberglass Podium Ladder,6D6232-2,D6232-2 32 ft Type IA Fiberglass D-Rung Extension Ladder,6D1540-2,D1540-2 40 ft Type IA Aluminum D-Rung Extension Ladder,6D1232-2,D1232-2 32 ft Type II Aluminum D-Rung Extension Ladder,66205,6205  5 ft Type IA Fiberglass Step Ladder,62316,2316 12 in W x 16 ft L Stage,6300304-53-01,DEFENDER SERIES 300304-53-01 Short Lo-Side Box  47 x 16.7 x 12.9 Black,64824,"Model 4824 JOBMASTER® Chest, 16 cu ft",5D6216-2,D6216-2 16 ft Type IA Fiberglass D-Rung Extension Ladder,5D1532-2,D1532-2 32 ft Type IA Aluminum D-Rung Extension Ladder,5D1528-2,D1528-2 28 ft Type IA Aluminum D-Rung Extension Ladder,5375,375  5 ft Type IA Aluminum Step Ladder,5505,Model 505 Caster Set 5 in,5TW372-30,TW372-30  2 ft Type IA Aluminum Work Stand,4SSF03,SSF03  3 ft Type IAA Fiberglass Step Stand,4SSA03,SSA03  3 ft Type IAA Aluminum Step Stand,4H411002,BaseWear H411002 Standard (1 D Ring) Harness - Universal,4D6236-2,D6236-2 36 ft Type IA Fiberglass D-Rung Extension Ladder,4D6220-2,D6220-2 20 ft Type IA Fiberglass D-Rung Extension Ladder,4D1536-2,D1536-2 36 ft Type IA Aluminum D-Rung Extension Ladder,4D1524-2,D1524-2 24 ft Type IA Aluminum D-Rung Extension Ladder,4D1240-2,D1240-2 40 ft Type II Aluminum D-Rung Extension Ladder,4SRD-72,SRD-72  Plywood Deck,42632,2632 24 in W x 32 ft L Stage,4265,265  3-Step Type III Aluminum Platform Ladder,4K111101,"K111101 Roofing Kit, 30 ft Basic, Pass-thru Buckle Harness",3R210020,R210020 AutoCoil 2 20 ft Steel Cable Self-Retracting Lifeline,3R210060,R210060 AutoCoil 2 60 ft Steel Cable Self-Retracting Lifeline,3D7140-2,D7140-2 40 ft Type IA Fiberglass D-Rung Extension Ladder,3D1516-2,D1516-2 16 ft Type IA Aluminum D-Rung Extension Ladder,3FTP6206,FTP6206  6 ft Type IA Fiberglass Tripod Ladder,3OBEL06,OBEL06  6 ft Type IAA Fiberglass Electricians JobStation,3374,374  4 ft Type IA Aluminum Step Ladder,32420,2420 14 in W x 20 ft L Stage,32624,2624 24 in W x 24 ft L Stage,3150B,150B  2 ft Type IA Aluminum Step Stool,3636-0-02,"Model 636-0-02 Underbed Box, Aluminum, Compact, 6.5 cu ft",3TW373-30,TW373-30  3 ft Type IA Aluminum Work Stand,2T6212,T6212  12 ft Type IA Fiberglass Twin Ladder,2T6210,T6210  10 ft Type IA Fiberglass Twin Ladder,2T6204,T6204  4 ft Type IA Fiberglass Twin Ladder,2T6208,T6208  8 ft Type IA Fiberglass Twin Ladder,2T374,T374  4 ft Type IA Aluminum Twin Ladder,2T376,T376  6 ft Type IA Aluminum Twin Ladder,2SSA02,SSA02  2 ft Type IAA Aluminum Step Stand,2PJ-WB,PJ-WB Aluminum Pump Jack Work Bench,2PJ-SN,PJ-SN Aluminum Pump Jack Safety Net,2P6208,P6208  8 ft Type IA Fiberglass Platform Ladder,2P373,P373  3 ft Type IA Aluminum Platform Ladder,2K121013,"K121013 Aerial Kit with BaseWear Std Harness, 6 ft DeCoil Lanyard",2K111201,"K111201 Roofing Kit, 50 ft Basic, Pass-thru Buckle Harness",2K112201,"K112201 Roofing Kit, 50 ft Deluxe, Tongue Buckle Harness",2D7120-2,D7120-2 20 ft Type IAA Fiberglass D-Rung Extension Ladder,2D6208-1,D6208-1 8 ft Type IA Fiberglass D-Rung Straight Ladder,2D1224-2,D1224-2 24 ft Type II Aluminum D-Rung Extension Ladder,27312,7312  12 ft Type IAA Fiberglass Step Ladder,2FTP6212,FTP6212  12 ft Type IA Fiberglass Tripod Ladder,26204,6204  4 ft Type IA Fiberglass Step Ladder,22016,2016 12 in W x 16 ft L Stage,2536-5-02,"Model 536-5-02 Underbed Box, Steel, Standard, 6.2 cu ft",2T6205,T6205  5 ft Type IA Fiberglass Twin Ladder,1T310,T310  10 ft Type IA Aluminum Twin Ladder,1PJ-6P,PJ-6P Aluminum Pump Jack 6 ft Pole,1PJ-ERW,PJ-ERW Aluminum Pump Jack Wide End Rail Kit,1P372,P372  2 ft Type IA Aluminum Platform Ladder,1P378,P378  8 ft Type IA Aluminum Platform Ladder,1P374,P374  4 ft Type IA Aluminum Platform Ladder,1P376,P376  6 ft Type IA Aluminum Platform Ladder,1K122023,"K122023 Aerial Kit with BaseWear Std Harness, 6 ft SoftCoil Lanyard",1C311100,"C311100 6 ft DeCoil Lanyard (DCELL Shock Pack, 1 in Web, Snaphook)",1R330010,R330010 10 ft Max Patrol Self-Retracting Lifeline,1H211002,Blue Armor 1000 H211002 Standard (1 D Ring) Harness - Medium/Large,1D7128-2,D7128-2 28 ft Type IAA Fiberglass D-Rung Extension Ladder,1D7136-2,D7136-2 36 ft Type IA Fiberglass D-Rung Extension Ladder,1D6210-1,D6210-1 10 ft Type IA Fiberglass D-Rung Straight Ladder,1D6220-1,D6220-1 20 ft Type IA Fiberglass D-Rung Straight Ladder,1D1520-2,D1520-2 20 ft Type IA Aluminum D-Rung Extension Ladder,1D1216-2,D1216-2 16 ft Type II Aluminum D-Rung Extension Ladder,1D1236-2,D1236-2 36 ft Type II Aluminum D-Rung Extension Ladder,1D1228-2,D1228-2 28 ft Type II Aluminum D-Rung Extension Ladder,1D1220-2,D1220-2 20 ft Type II Aluminum D-Rung Extension Ladder,17305,7305  5 ft Type IAA Fiberglass Step Ladder,17308,7308  8 ft Type IAA Fiberglass Step Ladder,17303,7303  3 ft Type IAA Fiberglass Step Ladder,1FTP6204,FTP6204  4 ft Type IA Fiberglass Tripod Ladder,1FTP6210,FTP6210  10 ft Type IA Fiberglass Tripod Ladder,1FTP6208,FTP6208  8 ft Type IA Fiberglass Tripod Ladder,1OBEL08,OBEL08  8 ft Type IAA Fiberglass Electricians JobStation,1376,376  6 ft Type IA Aluminum Step Ladder,12428,2428 14 in W x 28 ft L Stage,12328,2328 12 in W x 28 ft L Stage,12332,2332 12 in W x 32 ft L Stage,12424,2424 14 in W x 24 ft L Stage,12620,2620 24 in W x 20 ft L Stage,12512,2512 20 in W x 12 ft L Stage,12616,2616 24 in W x 16 ft L Stage,12520,2520 20 in W x 20 ft L Stage,12324,2324 12 in W x 24 ft L Stage,1536-3-02,"Model 536-3-02 Underbed Box, Steel, Standard, 6.2 cu ft",1