SKU,Name,Q3300104-53-01,DEFENDER SERIES 300104-53-01 Compact Saddle Box  62 x 19.7 x 18.2 Black,85300105-53-01,DEFENDER SERIES 300105-53-01 Full Size Saddle Box  71 x 19.7 x 17.7 Black,64SRS-72,SRS-72 6 ft Steel Rolling Scaffold,51SRG-72,SRG-72  Guard Rail and Toeboard Kit,47127-0-02,"Model 127-0-02 Saddle Box, Aluminum, Full Standard, 11.3 cu ft",44PA210,PA210 10 ft-17 ft Aluminum Extension Plank,39300105-9-01,DEFENDER SERIES 300105-9-01 Full Size Saddle Box  71 x 19.7 x 17.7 Uncoated,36300106-53-01,DEFENDER SERIES 300106-53-01 Full Size Lo-Profile Box  71 x 19.7 x 16.2 Black,30300401-9-01,DEFENDER SERIES 300401-9-01 Universal Chest Box  50 x 19.6 x 19.3 Uncoated,29T7414,T7414  14 ft Type IA Fiberglass Twin Ladder,27T7418,T7418  18 ft Type IA Fiberglass Twin Ladder,26T7416,T7416  16 ft Type IA Fiberglass Twin Ladder,25D6224-2,D6224-2 24 ft Type IA Fiberglass D-Rung Extension Ladder,22T7420,T7420  20 ft Type IA Fiberglass Twin Ladder,20PD6206,PD6206 Type IA Fiberglass Podium Ladder,1889,"Model 89 STORAGEMASTER® Piano Box, 47.8 cu ft",17300302-9-01,DEFENDER SERIES 300302-9-01 Standard Hi-Side Box  60 x 13.3 x 16.1 Uncoated,17SRO-72-4,SRO-72-4 Outriggers,16D6228-2,D6228-2 28 ft Type IA Fiberglass D-Rung Extension Ladder,16560-3,560-3 60 ft Type I Aluminum Round Rung Extension Ladder,16PD6210,PD6210 Type IA Fiberglass Podium Ladder,146212,6212  12 ft Type IA Fiberglass Step Ladder,146210,6210  10 ft Type IA Fiberglass Step Ladder,14PJ-100,PJ-100 Aluminum Pump Jack,13PD6204,PD6204 Type IA Fiberglass Podium Ladder,13D6232-2,D6232-2 32 ft Type IA Fiberglass D-Rung Extension Ladder,13300207-53-01,DEFENDER SERIES 300207-53-01 Full Size Cross Box  71 x 19.7 x 17.8 Black,13300302-53-01,DEFENDER SERIES 300302-53-01 Standard Hi-Side Box  60 x 13.3 x 16.1 Black,134824,"Model 4824 JOBMASTER® Chest, 16 cu ft",12SRC-72-4,SRC-72-4 Casters,12300106-9-01,DEFENDER SERIES 300106-9-01 Full Size Lo-Profile Box  71 x 19.7 x 16.2 Uncoated,12D1224-2,D1224-2 24 ft Type II Aluminum D-Rung Extension Ladder,116207,6207  7 ft Type IA Fiberglass Step Ladder,11D6240-2,D6240-2 40 ft Type IA Fiberglass D-Rung Extension Ladder,10PA208,PA208 8 ft -13 ft Aluminum Extension Plank,10300401-53-01,DEFENDER SERIES 300401-53-01 Universal Chest Box  50 x 19.6 x 19.3 Black,10300303-9-01,DEFENDER SERIES 300303-9-01 Long Hi-Side Box  90 x 13.3 x 16.1 Uncoated,10PD6208,PD6208 Type IA Fiberglass Podium Ladder,9D1536-2,D1536-2 36 ft Type IA Aluminum D-Rung Extension Ladder,9D1236-2,D1236-2 36 ft Type II Aluminum D-Rung Extension Ladder,96206,6206  6 ft Type IA Fiberglass Step Ladder,9300104-9-01,DEFENDER SERIES 300104-9-01 Compact Saddle Box  62 x 19.7 x 18.2 Uncoated,9PD7303,PD7303 Type IAA Fiberglass Podium Ladder,8PD7308,PD7308 Type IAA Fiberglass Podium Ladder,8PA206,PA206 6 ft-9 ft Aluminum Extension Plank,8D7132-2,D7132-2 32 ft Type IAA Fiberglass D-Rung Extension Ladder,82416,2416 14 in W x 16 ft L Stage,84830,"Model 4830 JOBMASTER® Chest, 25.25 cu ft",8D6220-2,D6220-2 20 ft Type IA Fiberglass D-Rung Extension Ladder,7D1528-2,D1528-2 28 ft Type IA Aluminum D-Rung Extension Ladder,7D1232-2,D1232-2 32 ft Type II Aluminum D-Rung Extension Ladder,77312,7312  12 ft Type IAA Fiberglass Step Ladder,7FTP6212,FTP6212  12 ft Type IA Fiberglass Tripod Ladder,72424,2424 14 in W x 24 ft L Stage,7H033102,ProForm™ F3 H033102  Construction Harness - Quick Connect Legs (M-L),7PS-48,PS-48 4 ft Portable Scaffold,6D6236-2,D6236-2 36 ft Type IA Fiberglass D-Rung Extension Ladder,6SRD-72,SRD-72  Plywood Deck,66205,6205  5 ft Type IA Fiberglass Step Ladder,62320,2320 12 in W x 20 ft L Stage,6300300-9-01,DEFENDER SERIES 300300-9-01 Standard Lo-Side Box  60 x 16.7 x 12.9 Uncoated,6H013002,ProForm™ F3 H013002  Standard Harness - Quick Connect Legs (M-L),6H012002,ProForm™ F3 H012002  Standard Harness - Tongue Buckle Legs (M-L),6L240000,L240000 Stainless Steel Trailing Rope Grab,6T6206,T6206  6 ft Type IA Fiberglass Twin Ladder,5PD7304,PD7304 Type IAA Fiberglass Podium Ladder,5D7140-2,D7140-2 40 ft Type IA Fiberglass D-Rung Extension Ladder,5D1532-2,D1532-2 32 ft Type IA Aluminum D-Rung Extension Ladder,5D1524-2,D1524-2 24 ft Type IA Aluminum D-Rung Extension Ladder,5505,Model 505 Caster Set 5 in,5H033104,ProForm™ F3 H033104  Construction Harness - Quick Connect Legs (XL),5H032102,ProForm™ F3 H032102  Construction Harness - Tongue Buckle Legs (M-L),5PJ-18P,PJ-18P Aluminum Pump Jack 18 ft Pole,4PD6203,PD6203 Type IA Fiberglass Podium Ladder,4D7128-2,D7128-2 28 ft Type IAA Fiberglass D-Rung Extension Ladder,4D1240-2,D1240-2 40 ft Type II Aluminum D-Rung Extension Ladder,47306,7306  6 ft Type IAA Fiberglass Step Ladder,4FTP6210,FTP6210  10 ft Type IA Fiberglass Tripod Ladder,4376,376  6 ft Type IA Aluminum Step Ladder,4310,310  10 ft Type IA Aluminum Step Ladder,42428,2428 14 in W x 28 ft L Stage,42016,2016 12 in W x 16 ft L Stage,42516,2516 20 in W x 16 ft L Stage,4300304-53-01,DEFENDER SERIES 300304-53-01 Short Lo-Side Box  47 x 16.7 x 12.9 Black,4300303-53-01,DEFENDER SERIES 300303-53-01 Long Hi-Side Box  90 x 13.3 x 16.1 Black,4H013004,ProForm™ F3 H013004  Standard Harness - Quick Connect Legs (XL),4T6208,T6208  8 ft Type IA Fiberglass Twin Ladder,3T6203,T6203  3 ft Type IA Fiberglass Twin Ladder,3T310,T310  10 ft Type IA Aluminum Twin Ladder,3PD7306,PD7306 Type IAA Fiberglass Podium Ladder,3P6210,P6210  10 ft Type IA Fiberglass Platform Ladder,3P6206,P6206  6 ft Type IA Fiberglass Platform Ladder,3D7120-2,D7120-2 20 ft Type IAA Fiberglass D-Rung Extension Ladder,3D1516-2,D1516-2 16 ft Type IA Aluminum D-Rung Extension Ladder,3D1540-2,D1540-2 40 ft Type IA Aluminum D-Rung Extension Ladder,3D1228-2,D1228-2 28 ft Type II Aluminum D-Rung Extension Ladder,37303,7303  3 ft Type IAA Fiberglass Step Ladder,3FTP6208,FTP6208  8 ft Type IA Fiberglass Tripod Ladder,36203,6203  3 ft Type IA Fiberglass Step Ladder,3OBEL06,OBEL06  6 ft Type IAA Fiberglass Electricians JobStation,3375,375  5 ft Type IA Aluminum Step Ladder,3378,378  8 ft Type IA Aluminum Step Ladder,3265,265  3-Step Type III Aluminum Platform Ladder,32420,2420 14 in W x 20 ft L Stage,32620,2620 24 in W x 20 ft L Stage,32520,2520 20 in W x 20 ft L Stage,32324,2324 12 in W x 24 ft L Stage,36208,6208  8 ft Type IA Fiberglass Step Ladder,3H033101,ProForm™ F3 H033101  Construction Harness - Quick Connect Legs (S),3H032104,ProForm™ F3 H032104  Construction Harness - Tongue Buckle Legs (XL),3TW372-30,TW372-30  2 ft Type IA Aluminum Work Stand,2TW374-30,TW374-30  4 ft Type IA Aluminum Work Stand,2TW373-30,TW373-30  3 ft Type IA Aluminum Work Stand,2SSF02,SSF02  2 ft Type IAA Fiberglass Step Stand,2SSA03,SSA03  3 ft Type IAA Aluminum Step Stand,2SH378,SH378  8 ft Type IA Aluminum Shelf Ladder,2PJ-ERN,PJ-ERN Aluminum Pump Jack Narrow End Rail Kit,2PJ-SN,PJ-SN Aluminum Pump Jack Safety Net,2PJ-SBF,PJ-SBF Aluminum Pump Jack Foldable Support Brace,2PJ-24P,PJ-24P Aluminum Pump Jack 24 ft Pole,2PJ-12P,PJ-12P Aluminum Pump Jack 12 ft Pole,2P372,P372  2 ft Type IA Aluminum Platform Ladder,2K111201,"K111201 Roofing Kit, 50 ft Basic, Pass-thru Buckle Harness",2H211002,Blue Armor 1000 H211002 Standard (1 D Ring) Harness - Medium/Large,2R210020,R210020 AutoCoil 2 20 ft Steel Cable Self-Retracting Lifeline,2D7124-2,D7124-2 24 ft Type IAA Fiberglass D-Rung Extension Ladder,2D6216-2,D6216-2 16 ft Type IA Fiberglass D-Rung Extension Ladder,2D6208-1,D6208-1 8 ft Type IA Fiberglass D-Rung Straight Ladder,2D1520-2,D1520-2 20 ft Type IA Aluminum D-Rung Extension Ladder,2D1220-2,D1220-2 20 ft Type II Aluminum D-Rung Extension Ladder,27310,7310  10 ft Type IAA Fiberglass Step Ladder,2FTP6206,FTP6206  6 ft Type IA Fiberglass Tripod Ladder,2374,374  4 ft Type IA Aluminum Step Ladder,2373,373  3 ft Type IA Aluminum Step Ladder,22316,2316 12 in W x 16 ft L Stage,22512,2512 20 in W x 12 ft L Stage,22616,2616 24 in W x 16 ft L Stage,22624,2624 24 in W x 24 ft L Stage,2390-0-02,"Model 390-0-02 Hi-Side Box, Aluminum, Driver Side, 11.1 cu ft",2536-3-02,"Model 536-3-02 Underbed Box, Steel, Standard, 6.2 cu ft",2300207-9-01,DEFENDER SERIES 300207-9-01 Full Size Cross Box  71 x 19.7 x 17.8 Uncoated,2300304-9-01,DEFENDER SERIES 300304-9-01 Short Lo-Side Box  47 x 16.7 x 12.9 Uncoated,2T6210,T6210  10 ft Type IA Fiberglass Twin Ladder,1T6205,T6205  5 ft Type IA Fiberglass Twin Ladder,16202,6202  2 ft Type IA Fiberglass Step Stool,1T378,T378  8 ft Type IA Aluminum Twin Ladder,1T374,T374  4 ft Type IA Aluminum Twin Ladder,1T376,T376  6 ft Type IA Aluminum Twin Ladder,1SSA02,SSA02  2 ft Type IAA Aluminum Step Stand,1PJ-PC,PJ-PC Aluminum Pump Jack Pole Connector,1PJ-6P,PJ-6P Aluminum Pump Jack 6 ft Pole,1P378,P378  8 ft Type IA Aluminum Platform Ladder,1P373,P373  3 ft Type IA Aluminum Platform Ladder,1P376,P376  6 ft Type IA Aluminum Platform Ladder,1K121013,"K121013 Aerial Kit with BaseWear Std Harness, 6 ft DeCoil Lanyard",1H411002XC311104,"BaseWear H411002XC311104 Standard Harness, 3 ft DeCoil Lanyard",1R330010,R330010 10 ft Max Patrol Self-Retracting Lifeline,1H411002XC311100,"BaseWear H411002XC311100 Standard Harness, 6 ft DeCoil Lanyard",1R210030,R210030 AutoCoil 2 30 ft Steel Cable Self-Retracting Lifeline,1K112201,"K112201 Roofing Kit, 50 ft Deluxe, Tongue Buckle Harness",1D6216-1,D6216-1 16 ft Type IA Fiberglass D-Rung Straight Ladder,1D6214-1,D6214-1 14 ft Type IA Fiberglass D-Rung Straight Ladder,1D6212-1,D6212-1 12 ft Type IA Fiberglass D-Rung Straight Ladder,17308,7308  8 ft Type IAA Fiberglass Step Ladder,17304,7304  4 ft Type IAA Fiberglass Step Ladder,1FTP6204,FTP6204  4 ft Type IA Fiberglass Tripod Ladder,16204,6204  4 ft Type IA Fiberglass Step Ladder,1OBEL08,OBEL08  8 ft Type IAA Fiberglass Electricians JobStation,1OBEL04,OBEL04  4 ft Type IAA Fiberglass Electricians JobStation,12528,2528 20 in W x 28 ft L Stage,1150B,150B  2 ft Type IA Aluminum Step Stool,1536-5-02,"Model 536-5-02 Underbed Box, Steel, Standard, 6.2 cu ft",1636-0-02,"Model 636-0-02 Underbed Box, Aluminum, Compact, 6.5 cu ft",1